idUser;idMusica;idAlbum;numPlays
3499;1101;110;14
3499;1105;110;12
3499;1103;110;13
3499;1233;123;40
3499;1104;110;9
3499;1106;110;5
3499;1102;110;15
3498;1012;101;8
3498;1014;101;5
3498;1171;117;33
3498;1016;101;5
3498;1011;101;3
3498;1015;101;2
3498;1013;101;1
3497;1185;118;28
3497;1186;118;23
3497;1235;123;131
3497;1181;118;23
3497;1183;118;17
3497;1184;118;36
3497;1182;118;25
3496;1056;105;32
3496;1055;105;20
3496;1153;115;90
3496;1052;105;17
3496;1054;105;26
3496;1051;105;17
3496;1053;105;29
3495;1054;105;56
3495;1211;121;14
3495;1214;121;11
3495;1212;121;8
3495;1215;121;11
3495;1216;121;13
3495;1213;121;11
3494;1216;121;16
3494;1126;112;23
3494;1215;121;4
3494;1211;121;4
3494;1214;121;10
3494;1213;121;3
3494;1212;121;2
3493;1042;104;17
3493;1031;103;103
3493;1041;104;18
3493;1045;104;22
3493;1044;104;21
3493;1046;104;18
3493;1043;104;12
3492;1223;122;111
3492;1064;106;16
3492;1066;106;18
3492;1062;106;20
3492;1063;106;20
3492;1065;106;20
3492;1061;106;21
3491;1041;104;14
3491;1045;104;12
3491;1042;104;10
3491;1043;104;11
3491;1044;104;8
3491;1164;116;51
3491;1046;104;9
3490;1244;124;111
3490;1076;107;17
3490;1071;107;23
3490;1074;107;18
3490;1073;107;5
3490;1075;107;13
3490;1072;107;20
3489;1151;115;118
3489;1155;115;21
3489;1153;115;17
3489;1152;115;22
3489;1156;115;17
3489;1154;115;15
3488;1196;119;35
3488;1192;119;26
3488;1085;108;88
3488;1194;119;35
3488;1191;119;20
3488;1193;119;23
3488;1195;119;24
3487;1175;117;133
3487;1012;101;14
3487;1016;101;18
3487;1015;101;21
3487;1011;101;10
3487;1013;101;21
3487;1014;101;18
3486;1091;109;18
3486;1095;109;20
3486;1092;109;14
3486;1096;109;9
3486;1104;110;57
3486;1094;109;14
3486;1093;109;7
3485;1024;102;10
3485;1022;102;13
3485;1026;102;10
3485;1155;115;48
3485;1021;102;9
3485;1023;102;9
3485;1025;102;6
3484;1025;102;12
3484;1023;102;77
3484;1021;102;12
3484;1024;102;20
3484;1022;102;13
3484;1026;102;15
3483;1243;124;38
3483;1202;120;10
3483;1201;120;9
3483;1203;120;7
3483;1204;120;5
3483;1206;120;11
3483;1205;120;10
3482;1076;107;98
3482;1153;115;16
3482;1156;115;12
3482;1152;115;18
3482;1154;115;16
3482;1155;115;25
3482;1151;115;7
3481;1036;103;25
3481;1196;119;7
3481;1193;119;4
3481;1195;119;7
3481;1191;119;3
3481;1194;119;4
3481;1192;119;4
3480;1231;123;10
3480;1234;123;12
3480;1233;123;11
3480;1232;123;11
3480;1235;123;15
3480;1075;107;58
3480;1236;123;10
3479;1243;124;60
3479;1093;109;12
3479;1092;109;13
3479;1091;109;7
3479;1096;109;4
3479;1094;109;6
3479;1095;109;9
3478;1083;108;41
3478;1242;124;9
3478;1246;124;12
3478;1241;124;13
3478;1245;124;17
3478;1243;124;6
3478;1244;124;12
3477;1153;115;58
3477;1091;109;12
3477;1093;109;13
3477;1092;109;15
3477;1094;109;10
3477;1096;109;14
3477;1095;109;19
3476;1133;113;58
3476;1026;102;20
3476;1022;102;7
3476;1023;102;19
3476;1021;102;12
3476;1025;102;14
3476;1024;102;13
3475;1085;108;19
3475;1146;114;112
3475;1086;108;23
3475;1081;108;32
3475;1084;108;35
3475;1083;108;26
3475;1082;108;21
3474;1001;100;14
3474;1076;107;64
3474;1005;100;21
3474;1003;100;15
3474;1002;100;10
3474;1006;100;15
3474;1004;100;17
3473;1111;111;11
3473;1113;111;11
3473;1112;111;9
3473;1034;103;66
3473;1114;111;17
3473;1116;111;17
3473;1115;111;20
3472;1122;112;4
3472;1126;112;5
3472;1235;123;26
3472;1123;112;5
3472;1124;112;3
3472;1125;112;7
3472;1121;112;1
3471;1023;102;26
3471;1035;103;105
3471;1024;102;28
3471;1021;102;21
3471;1026;102;27
3471;1022;102;18
3471;1025;102;17
3470;1141;114;14
3470;1074;107;75
3470;1146;114;18
3470;1145;114;12
3470;1143;114;17
3470;1144;114;9
3470;1142;114;25
3469;1121;112;17
3469;1123;112;12
3469;1122;112;30
3469;1032;103;87
3469;1126;112;23
3469;1125;112;19
3469;1124;112;18
3468;1206;120;16
3468;1205;120;7
3468;1022;102;40
3468;1203;120;10
3468;1201;120;8
3468;1204;120;10
3468;1202;120;6
3467;1176;117;35
3467;1233;123;7
3467;1231;123;6
3467;1235;123;5
3467;1232;123;5
3467;1234;123;9
3467;1236;123;7
3466;1001;100;103
3466;1161;116;21
3466;1164;116;22
3466;1163;116;12
3466;1166;116;19
3466;1162;116;22
3466;1165;116;20
3465;1106;110;28
3465;1101;110;30
3465;1065;106;130
3465;1103;110;22
3465;1104;110;26
3465;1105;110;29
3465;1102;110;20
3464;1171;117;7
3464;1173;117;10
3464;1174;117;9
3464;1012;101;68
3464;1176;117;10
3464;1175;117;9
3464;1172;117;9
3463;1004;100;67
3463;1166;116;10
3463;1161;116;11
3463;1163;116;9
3463;1162;116;12
3463;1164;116;6
3463;1165;116;10
3462;1106;110;4
3462;1102;110;14
3462;1101;110;5
3462;1103;110;6
3462;1065;106;21
3462;1104;110;3
3462;1105;110;4
3461;1164;116;21
3461;1023;102;87
3461;1162;116;31
3461;1166;116;22
3461;1163;116;19
3461;1161;116;15
3461;1165;116;18
3460;1222;122;91
3460;1006;100;28
3460;1004;100;26
3460;1001;100;24
3460;1002;100;20
3460;1003;100;15
3460;1005;100;17
3459;1154;115;27
3459;1155;115;22
3459;1153;115;33
3459;1152;115;29
3459;1146;114;125
3459;1151;115;28
3459;1156;115;23
3458;1194;119;61
3458;1041;104;16
3458;1044;104;18
3458;1043;104;10
3458;1045;104;5
3458;1046;104;15
3458;1042;104;8
3457;1201;120;14
3457;1145;114;69
3457;1202;120;16
3457;1206;120;12
3457;1203;120;21
3457;1205;120;19
3457;1204;120;13
3456;1192;119;24
3456;1202;120;9
3456;1203;120;6
3456;1201;120;6
3456;1206;120;5
3456;1204;120;7
3456;1205;120;3
3455;1226;122;37
3455;1032;103;4
3455;1031;103;4
3455;1034;103;8
3455;1035;103;3
3455;1036;103;6
3455;1033;103;3
3454;1031;103;14
3454;1035;103;14
3454;1014;101;34
3454;1036;103;10
3454;1032;103;9
3454;1033;103;8
3454;1034;103;3
3453;1106;110;11
3453;1086;108;69
3453;1105;110;18
3453;1104;110;9
3453;1103;110;19
3453;1102;110;18
3453;1101;110;20
3452;1225;122;107
3452;1202;120;37
3452;1201;120;23
3452;1204;120;31
3452;1206;120;23
3452;1205;120;20
3452;1203;120;24
3451;1213;121;43
3451;1102;110;10
3451;1105;110;7
3451;1101;110;7
3451;1103;110;11
3451;1104;110;13
3451;1106;110;7
3450;1075;107;22
3450;1186;118;93
3450;1071;107;21
3450;1072;107;23
3450;1073;107;17
3450;1074;107;20
3450;1076;107;18
3449;1082;108;71
3449;1153;115;7
3449;1156;115;9
3449;1155;115;8
3449;1152;115;10
3449;1151;115;13
3449;1154;115;11
3448;1116;111;16
3448;1113;111;14
3448;1112;111;8
3448;1123;112;46
3448;1111;111;13
3448;1114;111;16
3448;1115;111;8
3447;1171;117;26
3447;1174;117;22
3447;1175;117;23
3447;1173;117;17
3447;1182;118;70
3447;1172;117;12
3447;1176;117;15
3446;1073;107;85
3446;1001;100;21
3446;1004;100;26
3446;1005;100;28
3446;1006;100;26
3446;1002;100;18
3446;1003;100;20
3445;1191;119;110
3445;1243;124;16
3445;1241;124;15
3445;1245;124;15
3445;1246;124;15
3445;1244;124;20
3445;1242;124;16
3444;1174;117;115
3444;1196;119;25
3444;1191;119;20
3444;1193;119;24
3444;1194;119;16
3444;1192;119;23
3444;1195;119;19
3443;1131;113;25
3443;1082;108;104
3443;1134;113;35
3443;1132;113;31
3443;1135;113;36
3443;1136;113;27
3443;1133;113;27
3442;1166;116;6
3442;1162;116;6
3442;1165;116;9
3442;1163;116;10
3442;1164;116;15
3442;1102;110;36
3442;1161;116;7
3441;1022;102;115
3441;1084;108;23
3441;1082;108;20
3441;1085;108;28
3441;1086;108;21
3441;1081;108;29
3441;1083;108;23
3440;1116;111;11
3440;1113;111;9
3440;1084;108;40
3440;1112;111;12
3440;1114;111;13
3440;1115;111;8
3440;1111;111;7
3439;1136;113;25
3439;1235;123;141
3439;1132;113;27
3439;1134;113;32
3439;1131;113;23
3439;1135;113;23
3439;1133;113;23
3438;1161;116;20
3438;1162;116;31
3438;1165;116;27
3438;1066;106;110
3438;1164;116;25
3438;1166;116;22
3438;1163;116;23
3437;1224;122;106
3437;1042;104;17
3437;1045;104;25
3437;1041;104;9
3437;1046;104;15
3437;1044;104;21
3437;1043;104;20
3436;1144;114;32
3436;1134;113;3
3436;1133;113;12
3436;1131;113;9
3436;1136;113;6
3436;1132;113;9
3436;1135;113;12
3435;1053;105;5
3435;1054;105;6
3435;1173;117;26
3435;1055;105;7
3435;1051;105;3
3435;1052;105;5
3435;1056;105;3
3434;1043;104;19
3434;1084;108;69
3434;1044;104;14
3434;1041;104;17
3434;1042;104;7
3434;1046;104;14
3434;1045;104;11
3433;1112;111;25
3433;1223;122;4
3433;1222;122;8
3433;1224;122;5
3433;1225;122;2
3433;1221;122;6
3433;1226;122;3
3432;1152;115;22
3432;1191;119;80
3432;1156;115;23
3432;1155;115;21
3432;1153;115;17
3432;1151;115;13
3432;1154;115;17
3431;1156;115;36
3431;1071;107;3
3431;1074;107;5
3431;1076;107;4
3431;1075;107;5
3431;1073;107;10
3431;1072;107;8
3430;1163;116;11
3430;1166;116;5
3430;1243;124;38
3430;1165;116;6
3430;1161;116;5
3430;1162;116;8
3430;1164;116;5
3429;1222;122;34
3429;1026;102;7
3429;1024;102;3
3429;1025;102;5
3429;1022;102;6
3429;1021;102;3
3428;1204;120;17
3428;1116;111;104
3428;1203;120;21
3428;1202;120;26
3428;1205;120;27
3428;1206;120;19
3428;1201;120;31
3427;1035;103;26
3427;1075;107;4
3427;1076;107;5
3427;1071;107;9
3427;1073;107;3
3427;1072;107;3
3427;1074;107;3
3426;1006;100;9
3426;1031;103;26
3426;1005;100;11
3426;1002;100;8
3426;1003;100;4
3426;1004;100;3
3426;1001;100;4
3425;1165;116;15
3425;1164;116;16
3425;1163;116;15
3425;1166;116;11
3425;1161;116;12
3425;1162;116;7
3425;1044;104;53
3424;1226;122;26
3424;1223;122;24
3424;1221;122;25
3424;1075;107;93
3424;1225;122;16
3424;1222;122;22
3424;1224;122;29
3423;1145;114;25
3423;1096;109;7
3423;1094;109;8
3423;1095;109;11
3423;1092;109;8
3423;1091;109;10
3423;1093;109;3
3422;1005;100;105
3422;1032;103;11
3422;1031;103;11
3422;1033;103;11
3422;1034;103;17
3422;1035;103;13
3422;1036;103;9
3421;1221;122;93
3421;1134;113;29
3421;1135;113;27
3421;1133;113;36
3421;1136;113;33
3421;1132;113;30
3421;1131;113;24
3420;1246;124;15
3420;1173;117;97
3420;1245;124;16
3420;1241;124;23
3420;1242;124;22
3420;1243;124;12
3420;1244;124;12
3419;1222;122;10
3419;1181;118;64
3419;1226;122;12
3419;1225;122;15
3419;1224;122;11
3419;1221;122;8
3419;1223;122;8
3418;1162;116;41
3418;1071;107;6
3418;1074;107;8
3418;1076;107;10
3418;1073;107;7
3418;1072;107;10
3418;1075;107;4
3417;1201;120;30
3417;1206;120;36
3417;1205;120;29
3417;1232;123;95
3417;1202;120;23
3417;1203;120;31
3417;1204;120;25
3416;1015;101;7
3416;1014;101;5
3416;1213;121;27
3416;1012;101;4
3416;1011;101;1
3416;1016;101;3
3416;1013;101;2
3415;1002;100;34
3415;1243;124;9
3415;1245;124;8
3415;1242;124;6
3415;1244;124;6
3415;1246;124;3
3415;1241;124;1
3414;1174;117;25
3414;1172;117;24
3414;1163;116;113
3414;1175;117;26
3414;1171;117;29
3414;1173;117;25
3414;1176;117;24
3413;1143;114;102
3413;1101;110;18
3413;1104;110;28
3413;1105;110;25
3413;1102;110;21
3413;1106;110;23
3413;1103;110;20
3412;1234;123;99
3412;1214;121;17
3412;1216;121;22
3412;1213;121;9
3412;1212;121;11
3412;1215;121;7
3412;1211;121;19
3411;1111;111;9
3411;1084;108;61
3411;1116;111;9
3411;1113;111;1
3411;1112;111;13
3411;1114;111;10
3411;1115;111;7
3410;1125;112;88
3410;1036;103;15
3410;1031;103;14
3410;1035;103;14
3410;1032;103;14
3410;1033;103;11
3410;1034;103;13
3409;1113;111;10
3409;1111;111;12
3409;1116;111;10
3409;1112;111;4
3409;1041;104;42
3409;1115;111;5
3409;1114;111;12
3408;1096;109;12
3408;1145;114;37
3408;1091;109;9
3408;1093;109;9
3408;1092;109;14
3408;1094;109;7
3408;1095;109;8
3407;1155;115;116
3407;1106;110;15
3407;1105;110;18
3407;1104;110;19
3407;1103;110;14
3407;1101;110;17
3407;1102;110;16
3406;1131;113;121
3406;1014;101;24
3406;1013;101;18
3406;1011;101;19
3406;1016;101;24
3406;1015;101;18
3406;1012;101;21
3405;1193;119;93
3405;1212;121;31
3405;1214;121;33
3405;1213;121;18
3405;1215;121;26
3405;1211;121;27
3405;1216;121;22
3404;1024;102;20
3404;1026;102;22
3404;1246;124;115
3404;1022;102;20
3404;1025;102;14
3404;1023;102;22
3404;1021;102;18
3403;1053;105;37
3403;1194;119;10
3403;1196;119;9
3403;1195;119;8
3403;1191;119;5
3403;1193;119;5
3403;1192;119;6
3402;1221;122;14
3402;1226;122;10
3402;1164;116;40
3402;1223;122;6
3402;1225;122;7
3402;1224;122;5
3402;1222;122;13
3401;1141;114;97
3401;1066;106;15
3401;1064;106;15
3401;1062;106;14
3401;1063;106;9
3401;1065;106;12
3401;1061;106;9
3400;1023;102;27
3400;1214;121;97
3400;1021;102;20
3400;1026;102;28
3400;1025;102;19
3400;1024;102;16
3400;1022;102;19
3399;1173;117;18
3399;1202;120;98
3399;1175;117;22
3399;1174;117;23
3399;1171;117;16
3399;1172;117;13
3399;1176;117;22
3398;1181;118;27
3398;1203;120;9
3398;1206;120;6
3398;1201;120;9
3398;1204;120;5
3398;1202;120;5
3398;1205;120;4
3397;1036;103;64
3397;1235;123;10
3397;1234;123;10
3397;1231;123;12
3397;1233;123;9
3397;1236;123;9
3397;1232;123;9
3396;1163;116;25
3396;1092;109;12
3396;1094;109;3
3396;1096;109;6
3396;1093;109;7
3396;1091;109;9
3396;1095;109;2
3395;1162;116;21
3395;1154;115;123
3395;1163;116;31
3395;1166;116;24
3395;1164;116;32
3395;1161;116;27
3395;1165;116;19
3394;1242;124;30
3394;1195;119;8
3394;1193;119;6
3394;1191;119;8
3394;1192;119;4
3394;1194;119;8
3394;1196;119;4
3393;1102;110;39
3393;1154;115;6
3393;1151;115;4
3393;1156;115;9
3393;1152;115;6
3393;1153;115;8
3393;1155;115;6
3392;1075;107;21
3392;1074;107;12
3392;1183;118;86
3392;1072;107;25
3392;1076;107;12
3392;1071;107;15
3392;1073;107;10
3391;1185;118;16
3391;1105;110;110
3391;1182;118;23
3391;1186;118;26
3391;1183;118;10
3391;1181;118;14
3391;1184;118;11
3390;1181;118;29
3390;1125;112;127
3390;1185;118;15
3390;1183;118;20
3390;1182;118;21
3390;1186;118;18
3390;1184;118;20
3389;1005;100;14
3389;1001;100;12
3389;1002;100;16
3389;1004;100;12
3389;1156;115;54
3389;1003;100;12
3389;1006;100;13
3388;1145;114;23
3388;1172;117;77
3388;1143;114;18
3388;1146;114;17
3388;1141;114;18
3388;1144;114;21
3388;1142;114;18
3387;1183;118;11
3387;1185;118;18
3387;1181;118;10
3387;1245;124;49
3387;1182;118;10
3387;1186;118;14
3387;1184;118;11
3386;1122;112;12
3386;1126;112;11
3386;1121;112;16
3386;1041;104;65
3386;1124;112;20
3386;1125;112;14
3386;1123;112;14
3385;1073;107;17
3385;1075;107;13
3385;1071;107;15
3385;1074;107;20
3385;1242;124;59
3385;1072;107;20
3385;1076;107;17
3384;1203;120;9
3384;1204;120;37
3384;1206;120;6
3384;1205;120;5
3384;1201;120;6
3384;1202;120;5
3383;1211;121;22
3383;1213;121;21
3383;1216;121;19
3383;1081;108;92
3383;1214;121;19
3383;1215;121;30
3383;1212;121;20
3382;1141;114;13
3382;1146;114;7
3382;1145;114;55
3382;1143;114;13
3382;1144;114;8
3382;1142;114;11
3381;1062;106;9
3381;1066;106;5
3381;1061;106;8
3381;1143;114;24
3381;1063;106;6
3381;1064;106;2
3381;1065;106;3
3380;1005;100;10
3380;1196;119;46
3380;1004;100;11
3380;1002;100;11
3380;1001;100;11
3380;1006;100;7
3380;1003;100;10
3379;1142;114;3
3379;1064;106;32
3379;1141;114;7
3379;1143;114;6
3379;1144;114;7
3379;1145;114;6
3379;1146;114;8
3378;1241;124;117
3378;1122;112;16
3378;1125;112;17
3378;1123;112;18
3378;1121;112;16
3378;1124;112;19
3378;1126;112;13
3377;1142;114;86
3377;1106;110;21
3377;1101;110;21
3377;1104;110;22
3377;1103;110;16
3377;1102;110;17
3377;1105;110;19
3376;1136;113;13
3376;1144;114;96
3376;1135;113;14
3376;1131;113;20
3376;1133;113;10
3376;1132;113;5
3376;1134;113;10
3375;1111;111;74
3375;1043;104;20
3375;1044;104;24
3375;1046;104;17
3375;1045;104;19
3375;1042;104;15
3375;1041;104;15
3374;1151;115;20
3374;1153;115;16
3374;1013;101;55
3374;1156;115;18
3374;1155;115;10
3374;1154;115;11
3374;1152;115;11
3373;1192;119;127
3373;1205;120;20
3373;1203;120;12
3373;1206;120;21
3373;1202;120;22
3373;1201;120;12
3373;1204;120;13
3372;1146;114;55
3372;1075;107;16
3372;1071;107;8
3372;1076;107;21
3372;1072;107;7
3372;1074;107;7
3372;1073;107;8
3371;1011;101;24
3371;1185;118;91
3371;1015;101;22
3371;1012;101;31
3371;1013;101;18
3371;1016;101;18
3371;1014;101;20
3370;1183;118;142
3370;1181;118;23
3370;1182;118;24
3370;1186;118;28
3370;1185;118;32
3370;1184;118;34
3369;1021;102;49
3369;1043;104;14
3369;1044;104;11
3369;1046;104;16
3369;1042;104;11
3369;1041;104;9
3369;1045;104;10
3368;1043;104;42
3368;1172;117;5
3368;1173;117;7
3368;1174;117;6
3368;1171;117;6
3368;1176;117;6
3368;1175;117;3
3367;1151;115;15
3367;1156;115;7
3367;1141;114;56
3367;1154;115;14
3367;1153;115;17
3367;1152;115;5
3367;1155;115;12
3366;1174;117;66
3366;1212;121;17
3366;1211;121;16
3366;1215;121;14
3366;1216;121;15
3366;1214;121;17
3366;1213;121;18
3365;1126;112;53
3365;1044;104;5
3365;1045;104;6
3365;1042;104;16
3365;1041;104;6
3365;1046;104;5
3365;1043;104;7
3364;1243;124;26
3364;1231;123;5
3364;1236;123;11
3364;1235;123;9
3364;1233;123;3
3364;1232;123;2
3364;1234;123;5
3363;1022;102;108
3363;1194;119;25
3363;1191;119;19
3363;1195;119;22
3363;1192;119;15
3363;1193;119;15
3363;1196;119;24
3362;1005;100;25
3362;1004;100;25
3362;1003;100;18
3362;1002;100;12
3362;1064;106;118
3362;1006;100;18
3362;1001;100;9
3361;1095;109;33
3361;1086;108;9
3361;1081;108;11
3361;1085;108;10
3361;1084;108;5
3361;1082;108;5
3361;1083;108;2
3360;1071;107;12
3360;1213;121;66
3360;1074;107;8
3360;1073;107;12
3360;1072;107;11
3360;1075;107;14
3360;1076;107;6
3359;1222;122;82
3359;1176;117;18
3359;1172;117;31
3359;1174;117;22
3359;1173;117;21
3359;1175;117;18
3359;1171;117;13
3358;1096;109;16
3358;1145;114;66
3358;1094;109;18
3358;1093;109;24
3358;1095;109;18
3358;1091;109;18
3358;1092;109;25
3357;1006;100;12
3357;1002;100;17
3357;1171;117;61
3357;1001;100;16
3357;1003;100;13
3357;1005;100;13
3357;1004;100;11
3356;1161;116;51
3356;1153;115;6
3356;1151;115;9
3356;1152;115;5
3356;1156;115;6
3356;1155;115;8
3356;1154;115;7
3355;1216;121;38
3355;1205;120;13
3355;1204;120;8
3355;1206;120;7
3355;1201;120;14
3355;1202;120;6
3355;1203;120;2
3354;1173;117;13
3354;1174;117;7
3354;1156;115;30
3354;1172;117;5
3354;1176;117;7
3354;1175;117;6
3354;1171;117;6
3353;1201;120;29
3353;1022;102;103
3353;1203;120;19
3353;1206;120;32
3353;1205;120;18
3353;1202;120;26
3353;1204;120;31
3352;1143;114;32
3352;1241;124;11
3352;1243;124;11
3352;1246;124;10
3352;1244;124;11
3352;1245;124;10
3352;1242;124;9
3351;1195;119;14
3351;1194;119;14
3351;1103;110;89
3351;1196;119;21
3351;1191;119;21
3351;1192;119;23
3351;1193;119;15
3350;1033;103;17
3350;1032;103;16
3350;1076;107;86
3350;1036;103;25
3350;1035;103;13
3350;1031;103;18
3350;1034;103;18
3349;1182;118;93
3349;1013;101;14
3349;1014;101;16
3349;1015;101;19
3349;1016;101;28
3349;1011;101;18
3349;1012;101;14
3348;1035;103;103
3348;1193;119;10
3348;1196;119;18
3348;1194;119;19
3348;1192;119;20
3348;1195;119;11
3348;1191;119;15
3347;1122;112;26
3347;1121;112;13
3347;1126;112;21
3347;1124;112;25
3347;1123;112;127
3347;1125;112;16
3346;1035;103;7
3346;1033;103;11
3346;1034;103;6
3346;1212;121;34
3346;1036;103;9
3346;1031;103;8
3346;1032;103;5
3345;1122;112;63
3345;1092;109;13
3345;1095;109;15
3345;1094;109;19
3345;1096;109;14
3345;1091;109;9
3345;1093;109;10
3344;1046;104;73
3344;1106;110;11
3344;1102;110;14
3344;1104;110;12
3344;1101;110;14
3344;1105;110;12
3344;1103;110;8
3343;1023;102;15
3343;1026;102;17
3343;1024;102;19
3343;1021;102;12
3343;1192;119;77
3343;1022;102;10
3343;1025;102;13
3342;1074;107;13
3342;1123;112;63
3342;1076;107;14
3342;1071;107;15
3342;1072;107;12
3342;1073;107;12
3342;1075;107;12
3341;1163;116;27
3341;1234;123;99
3341;1162;116;29
3341;1161;116;17
3341;1166;116;30
3341;1164;116;18
3341;1165;116;19
3340;1213;121;11
3340;1216;121;7
3340;1211;121;11
3340;1103;110;35
3340;1215;121;1
3340;1212;121;4
3340;1214;121;7
3339;1075;107;100
3339;1191;119;23
3339;1193;119;24
3339;1195;119;19
3339;1196;119;26
3339;1194;119;16
3339;1192;119;19
3338;1182;118;53
3338;1205;120;12
3338;1206;120;9
3338;1202;120;13
3338;1204;120;8
3338;1203;120;6
3338;1201;120;7
3337;1133;113;33
3337;1225;122;6
3337;1223;122;7
3337;1222;122;5
3337;1226;122;5
3337;1224;122;5
3337;1221;122;4
3336;1182;118;121
3336;1073;107;32
3336;1075;107;31
3336;1074;107;35
3336;1071;107;33
3336;1076;107;29
3336;1072;107;24
3335;1166;116;18
3335;1004;100;66
3335;1163;116;23
3335;1164;116;11
3335;1165;116;13
3335;1162;116;13
3335;1161;116;11
3334;1191;119;20
3334;1195;119;15
3334;1164;116;96
3334;1193;119;14
3334;1196;119;15
3334;1194;119;16
3334;1192;119;16
3333;1051;105;19
3333;1053;105;18
3333;1065;106;111
3333;1052;105;21
3333;1054;105;17
3333;1056;105;13
3333;1055;105;20
3332;1186;118;76
3332;1052;105;13
3332;1053;105;17
3332;1051;105;14
3332;1055;105;18
3332;1056;105;14
3332;1054;105;18
3331;1012;101;8
3331;1094;109;52
3331;1013;101;7
3331;1014;101;6
3331;1016;101;10
3331;1015;101;10
3331;1011;101;4
3330;1183;118;62
3330;1076;107;12
3330;1073;107;10
3330;1075;107;9
3330;1071;107;9
3330;1072;107;6
3330;1074;107;5
3329;1014;101;27
3329;1092;109;107
3329;1011;101;22
3329;1013;101;28
3329;1015;101;21
3329;1016;101;32
3329;1012;101;20
3328;1183;118;25
3328;1182;118;26
3328;1181;118;21
3328;1184;118;19
3328;1185;118;26
3328;1152;115;72
3328;1186;118;19
3327;1194;119;32
3327;1094;109;8
3327;1091;109;12
3327;1092;109;12
3327;1096;109;8
3327;1093;109;6
3327;1095;109;6
3326;1082;108;90
3326;1021;102;23
3326;1022;102;27
3326;1023;102;36
3326;1024;102;19
3326;1025;102;17
3326;1026;102;25
3325;1233;123;11
3325;1092;109;57
3325;1235;123;9
3325;1231;123;9
3325;1232;123;9
3325;1234;123;10
3325;1236;123;6
3324;1003;100;4
3324;1103;110;37
3324;1005;100;6
3324;1004;100;4
3324;1006;100;8
3324;1001;100;10
3324;1002;100;9
3323;1102;110;130
3323;1182;118;22
3323;1185;118;24
3323;1184;118;27
3323;1186;118;25
3323;1183;118;13
3323;1181;118;18
3322;1004;100;40
3322;1145;114;5
3322;1144;114;8
3322;1141;114;6
3322;1142;114;10
3322;1143;114;12
3322;1146;114;4
3321;1066;106;27
3321;1042;104;7
3321;1044;104;5
3321;1043;104;5
3321;1045;104;4
3321;1041;104;4
3321;1046;104;3
3320;1196;119;19
3320;1036;103;78
3320;1194;119;18
3320;1193;119;27
3320;1195;119;19
3320;1191;119;14
3320;1192;119;14
3319;1172;117;48
3319;1054;105;9
3319;1051;105;9
3319;1055;105;5
3319;1053;105;3
3319;1056;105;6
3319;1052;105;6
3318;1113;111;10
3318;1111;111;7
3318;1114;111;16
3318;1014;101;56
3318;1116;111;5
3318;1112;111;17
3318;1115;111;10
3317;1071;107;11
3317;1072;107;7
3317;1074;107;13
3317;1032;103;53
3317;1073;107;11
3317;1076;107;9
3317;1075;107;6
3316;1012;101;19
3316;1043;104;94
3316;1015;101;25
3316;1014;101;13
3316;1011;101;19
3316;1016;101;21
3316;1013;101;10
3315;1011;101;3
3315;1012;101;11
3315;1016;101;7
3315;1161;116;25
3315;1013;101;6
3315;1014;101;2
3315;1015;101;2
3314;1154;115;60
3314;1225;122;22
3314;1223;122;22
3314;1221;122;15
3314;1222;122;19
3314;1224;122;16
3314;1226;122;15
3313;1136;113;8
3313;1134;113;18
3313;1144;114;59
3313;1131;113;15
3313;1135;113;12
3313;1133;113;15
3313;1132;113;7
3312;1241;124;85
3312;1205;120;16
3312;1202;120;23
3312;1204;120;14
3312;1201;120;18
3312;1206;120;19
3312;1203;120;13
3311;1143;114;14
3311;1161;116;80
3311;1146;114;13
3311;1141;114;13
3311;1145;114;19
3311;1142;114;11
3311;1144;114;11
3310;1083;108;34
3310;1165;116;6
3310;1162;116;6
3310;1166;116;3
3310;1163;116;1
3310;1164;116;6
3310;1161;116;2
3309;1154;115;88
3309;1213;121;20
3309;1216;121;17
3309;1214;121;21
3309;1211;121;21
3309;1215;121;8
3309;1212;121;16
3308;1231;123;13
3308;1046;104;110
3308;1233;123;19
3308;1236;123;12
3308;1235;123;19
3308;1234;123;19
3308;1232;123;17
3307;1074;107;24
3307;1076;107;18
3307;1071;107;28
3307;1072;107;105
3307;1075;107;15
3307;1073;107;26
3306;1175;117;26
3306;1116;111;80
3306;1176;117;19
3306;1172;117;23
3306;1171;117;24
3306;1174;117;20
3306;1173;117;22
3305;1102;110;18
3305;1223;122;65
3305;1105;110;13
3305;1106;110;14
3305;1101;110;10
3305;1104;110;8
3305;1103;110;7
3304;1222;122;94
3304;1094;109;22
3304;1091;109;17
3304;1092;109;23
3304;1093;109;14
3304;1096;109;17
3304;1095;109;11
3303;1132;113;17
3303;1133;113;27
3303;1213;121;92
3303;1136;113;17
3303;1131;113;16
3303;1134;113;10
3303;1135;113;17
3302;1223;122;21
3302;1226;122;22
3302;1222;122;17
3302;1165;116;69
3302;1225;122;16
3302;1224;122;20
3302;1221;122;10
3301;1186;118;10
3301;1006;100;53
3301;1184;118;14
3301;1182;118;11
3301;1183;118;11
3301;1181;118;9
3301;1185;118;16
3300;1151;115;56
3300;1183;118;11
3300;1186;118;14
3300;1184;118;13
3300;1182;118;12
3300;1185;118;11
3300;1181;118;10
3299;1074;107;118
3299;1222;122;28
3299;1225;122;37
3299;1223;122;31
3299;1226;122;26
3299;1221;122;24
3299;1224;122;19
3298;1132;113;96
3298;1016;101;21
3298;1011;101;21
3298;1014;101;22
3298;1015;101;24
3298;1012;101;19
3298;1013;101;18
3297;1204;120;52
3297;1174;117;10
3297;1172;117;2
3297;1171;117;7
3297;1173;117;10
3297;1175;117;8
3297;1176;117;13
3296;1212;121;28
3296;1215;121;30
3296;1213;121;34
3296;1216;121;31
3296;1196;119;105
3296;1214;121;23
3296;1211;121;31
3295;1014;101;6
3295;1123;112;33
3295;1012;101;4
3295;1011;101;6
3295;1016;101;7
3295;1015;101;7
3295;1013;101;6
3294;1116;111;129
3294;1021;102;16
3294;1026;102;17
3294;1025;102;17
3294;1024;102;16
3294;1023;102;14
3294;1022;102;12
3293;1031;103;52
3293;1073;107;5
3293;1076;107;6
3293;1071;107;9
3293;1072;107;9
3293;1075;107;6
3293;1074;107;9
3292;1145;114;58
3292;1191;119;8
3292;1195;119;11
3292;1196;119;15
3292;1192;119;8
3292;1194;119;10
3292;1193;119;11
3291;1214;121;24
3291;1245;124;88
3291;1216;121;21
3291;1212;121;29
3291;1213;121;22
3291;1215;121;31
3291;1211;121;23
3290;1102;110;75
3290;1091;109;20
3290;1094;109;18
3290;1096;109;14
3290;1093;109;9
3290;1092;109;12
3290;1095;109;8
3289;1225;122;69
3289;1096;109;19
3289;1093;109;5
3289;1092;109;16
3289;1094;109;17
3289;1095;109;13
3289;1091;109;5
3288;1013;101;109
3288;1241;124;20
3288;1242;124;24
3288;1243;124;10
3288;1244;124;12
3288;1245;124;17
3288;1246;124;22
3287;1122;112;30
3287;1124;112;25
3287;1012;101;111
3287;1125;112;28
3287;1121;112;24
3287;1123;112;23
3287;1126;112;14
3286;1051;105;5
3286;1054;105;9
3286;1203;120;62
3286;1055;105;9
3286;1052;105;8
3286;1053;105;15
3286;1056;105;5
3285;1174;117;57
3285;1046;104;16
3285;1042;104;18
3285;1041;104;15
3285;1045;104;16
3285;1043;104;10
3285;1044;104;12
3284;1224;122;90
3284;1234;123;19
3284;1231;123;18
3284;1235;123;7
3284;1232;123;14
3284;1233;123;20
3284;1236;123;18
3283;1126;112;14
3283;1192;119;59
3283;1123;112;8
3283;1122;112;11
3283;1124;112;8
3283;1121;112;8
3283;1125;112;7
3282;1116;111;29
3282;1011;101;12
3282;1013;101;12
3282;1016;101;6
3282;1015;101;13
3282;1012;101;9
3282;1014;101;8
3281;1181;118;22
3281;1125;112;79
3281;1182;118;23
3281;1185;118;28
3281;1186;118;19
3281;1183;118;31
3281;1184;118;26
3280;1023;102;14
3280;1096;109;51
3280;1021;102;15
3280;1026;102;8
3280;1024;102;17
3280;1025;102;14
3280;1022;102;6
3279;1063;106;83
3279;1073;107;21
3279;1076;107;10
3279;1072;107;11
3279;1071;107;12
3279;1074;107;15
3279;1075;107;8
3278;1095;109;106
3278;1174;117;15
3278;1172;117;23
3278;1173;117;14
3278;1171;117;18
3278;1175;117;18
3278;1176;117;16
3277;1144;114;34
3277;1043;104;108
3277;1141;114;31
3277;1146;114;27
3277;1143;114;31
3277;1145;114;19
3277;1142;114;28
3276;1082;108;72
3276;1212;121;22
3276;1213;121;18
3276;1214;121;8
3276;1211;121;16
3276;1215;121;13
3276;1216;121;10
3275;1011;101;28
3275;1016;101;21
3275;1014;101;23
3275;1023;102;79
3275;1013;101;24
3275;1015;101;20
3275;1012;101;20
3274;1042;104;128
3274;1236;123;28
3274;1232;123;35
3274;1235;123;32
3274;1234;123;30
3274;1233;123;31
3274;1231;123;26
3273;1075;107;29
3273;1045;104;139
3273;1076;107;16
3273;1072;107;28
3273;1073;107;21
3273;1071;107;23
3273;1074;107;18
3272;1235;123;10
3272;1114;111;41
3272;1231;123;6
3272;1233;123;13
3272;1236;123;9
3272;1234;123;5
3272;1232;123;5
3271;1042;104;29
3271;1004;100;6
3271;1005;100;6
3271;1006;100;6
3271;1003;100;6
3271;1002;100;7
3271;1001;100;6
3270;1151;115;6
3270;1133;113;39
3270;1154;115;10
3270;1155;115;9
3270;1152;115;11
3270;1153;115;6
3269;1162;116;15
3269;1165;116;16
3269;1166;116;14
3269;1036;103;68
3269;1163;116;15
3269;1161;116;19
3269;1164;116;20
3268;1194;119;13
3268;1061;106;49
3268;1196;119;8
3268;1192;119;19
3268;1193;119;7
3268;1191;119;12
3268;1195;119;6
3267;1096;109;126
3267;1045;104;27
3267;1044;104;28
3267;1041;104;25
3267;1043;104;20
3267;1046;104;18
3267;1042;104;26
3266;1062;106;6
3266;1066;106;11
3266;1181;118;51
3266;1063;106;14
3266;1061;106;9
3266;1065;106;11
3266;1064;106;10
3265;1051;105;8
3265;1136;113;20
3265;1054;105;5
3265;1053;105;6
3265;1055;105;4
3265;1056;105;7
3265;1052;105;1
3264;1084;108;58
3264;1222;122;10
3264;1226;122;11
3264;1224;122;8
3264;1223;122;9
3264;1221;122;7
3264;1225;122;6
3263;1155;115;15
3263;1154;115;28
3263;1094;109;117
3263;1153;115;18
3263;1151;115;17
3263;1152;115;16
3263;1156;115;13
3262;1151;115;82
3262;1031;103;24
3262;1033;103;14
3262;1035;103;12
3262;1034;103;23
3262;1032;103;26
3262;1036;103;15
3261;1242;124;74
3261;1182;118;8
3261;1186;118;13
3261;1183;118;13
3261;1184;118;16
3261;1185;118;20
3261;1181;118;14
3260;1026;102;110
3260;1066;106;14
3260;1063;106;19
3260;1062;106;13
3260;1061;106;11
3260;1065;106;15
3260;1064;106;16
3259;1035;103;99
3259;1214;121;23
3259;1216;121;15
3259;1211;121;18
3259;1212;121;20
3259;1215;121;19
3259;1213;121;20
3258;1223;122;16
3258;1224;122;22
3258;1222;122;30
3258;1064;106;113
3258;1221;122;23
3258;1225;122;20
3258;1226;122;20
3257;1116;111;88
3257;1016;101;16
3257;1013;101;12
3257;1014;101;20
3257;1012;101;13
3257;1011;101;8
3257;1015;101;9
3256;1183;118;21
3256;1213;121;90
3256;1184;118;22
3256;1181;118;31
3256;1182;118;17
3256;1186;118;24
3256;1185;118;23
3255;1164;116;15
3255;1016;101;122
3255;1163;116;18
3255;1166;116;21
3255;1165;116;18
3255;1161;116;17
3255;1162;116;8
3254;1216;121;122
3254;1066;106;20
3254;1065;106;23
3254;1061;106;27
3254;1062;106;25
3254;1064;106;16
3254;1063;106;15
3253;1173;117;101
3253;1243;124;21
3253;1246;124;25
3253;1241;124;28
3253;1244;124;19
3253;1245;124;19
3253;1242;124;20
3252;1013;101;28
3252;1072;107;125
3252;1014;101;29
3252;1015;101;30
3252;1012;101;36
3252;1011;101;23
3252;1016;101;36
3251;1002;100;10
3251;1006;100;13
3251;1242;124;53
3251;1001;100;13
3251;1003;100;9
3251;1004;100;17
3251;1005;100;13
3250;1075;107;7
3250;1071;107;12
3250;1074;107;8
3250;1131;113;46
3250;1076;107;11
3250;1073;107;6
3250;1072;107;7
3249;1081;108;69
3249;1071;107;5
3249;1075;107;11
3249;1073;107;9
3249;1074;107;8
3249;1072;107;9
3249;1076;107;14
3248;1131;113;35
3248;1212;121;9
3248;1213;121;14
3248;1211;121;10
3248;1215;121;6
3248;1214;121;5
3248;1216;121;2
3247;1134;113;18
3247;1155;115;93
3247;1135;113;15
3247;1132;113;18
3247;1131;113;14
3247;1136;113;7
3247;1133;113;12
3246;1042;104;93
3246;1004;100;16
3246;1003;100;23
3246;1006;100;31
3246;1001;100;28
3246;1002;100;26
3246;1005;100;25
3245;1001;100;6
3245;1006;100;7
3245;1141;114;52
3245;1003;100;11
3245;1002;100;4
3245;1004;100;6
3245;1005;100;8
3244;1085;108;15
3244;1081;108;27
3244;1082;108;12
3244;1124;112;144
3244;1083;108;15
3244;1084;108;15
3244;1086;108;20
3243;1072;107;29
3243;1071;107;24
3243;1035;103;125
3243;1075;107;26
3243;1073;107;17
3243;1076;107;37
3243;1074;107;27
3242;1126;112;27
3242;1071;107;7
3242;1073;107;4
3242;1075;107;5
3242;1074;107;3
3242;1076;107;2
3242;1072;107;4
3241;1164;116;40
3241;1081;108;10
3241;1086;108;13
3241;1082;108;16
3241;1084;108;13
3241;1083;108;10
3241;1085;108;7
3240;1102;110;20
3240;1184;118;127
3240;1105;110;19
3240;1101;110;28
3240;1106;110;27
3240;1104;110;36
3240;1103;110;24
3239;1005;100;12
3239;1161;116;67
3239;1003;100;8
3239;1001;100;10
3239;1006;100;9
3239;1002;100;6
3239;1004;100;11
3238;1174;117;31
3238;1152;115;9
3238;1154;115;9
3238;1153;115;11
3238;1155;115;5
3238;1156;115;11
3238;1151;115;13
3237;1042;104;119
3237;1043;104;13
3237;1044;104;13
3237;1045;104;14
3237;1046;104;18
3237;1041;104;12
3236;1231;123;7
3236;1183;118;66
3236;1234;123;7
3236;1236;123;14
3236;1232;123;8
3236;1233;123;10
3236;1235;123;6
3235;1086;108;7
3235;1084;108;13
3235;1081;108;10
3235;1226;122;61
3235;1085;108;9
3235;1083;108;5
3235;1082;108;9
3234;1154;115;14
3234;1153;115;11
3234;1156;115;9
3234;1151;115;40
3234;1152;115;8
3234;1155;115;5
3233;1142;114;87
3233;1101;110;18
3233;1106;110;24
3233;1104;110;9
3233;1103;110;21
3233;1105;110;17
3233;1102;110;18
3232;1174;117;66
3232;1033;103;21
3232;1034;103;15
3232;1036;103;10
3232;1032;103;19
3232;1035;103;15
3232;1031;103;16
3231;1042;104;35
3231;1094;109;4
3231;1092;109;6
3231;1096;109;5
3231;1091;109;3
3231;1093;109;2
3231;1095;109;6
3230;1071;107;99
3230;1102;110;23
3230;1101;110;16
3230;1103;110;22
3230;1104;110;21
3230;1105;110;20
3230;1106;110;20
3229;1113;111;28
3229;1115;111;31
3229;1112;111;21
3229;1082;108;85
3229;1111;111;28
3229;1116;111;22
3229;1114;111;22
3228;1205;120;31
3228;1245;124;7
3228;1241;124;9
3228;1244;124;3
3228;1243;124;7
3228;1242;124;7
3228;1246;124;6
3227;1216;121;49
3227;1135;113;7
3227;1132;113;6
3227;1134;113;9
3227;1133;113;9
3227;1136;113;10
3227;1131;113;9
3226;1163;116;11
3226;1064;106;57
3226;1162;116;16
3226;1164;116;6
3226;1165;116;16
3226;1161;116;13
3226;1166;116;17
3225;1004;100;33
3225;1195;119;93
3225;1005;100;28
3225;1001;100;30
3225;1002;100;30
3225;1006;100;27
3225;1003;100;27
3224;1201;120;124
3224;1082;108;16
3224;1084;108;16
3224;1083;108;13
3224;1086;108;15
3224;1085;108;17
3224;1081;108;16
3223;1044;104;22
3223;1042;104;22
3223;1041;104;28
3223;1046;104;21
3223;1043;104;28
3223;1075;107;77
3223;1045;104;22
3222;1192;119;52
3222;1126;112;7
3222;1125;112;11
3222;1123;112;10
3222;1122;112;9
3222;1121;112;7
3222;1124;112;3
3221;1004;100;10
3221;1063;106;58
3221;1002;100;6
3221;1003;100;12
3221;1006;100;12
3221;1001;100;10
3221;1005;100;12
3220;1025;102;19
3220;1144;114;123
3220;1023;102;22
3220;1022;102;20
3220;1021;102;25
3220;1026;102;25
3220;1024;102;28
3219;1231;123;99
3219;1176;117;16
3219;1173;117;19
3219;1175;117;20
3219;1171;117;13
3219;1174;117;10
3219;1172;117;11
3218;1075;107;30
3218;1084;108;5
3218;1085;108;8
3218;1086;108;5
3218;1082;108;5
3218;1081;108;8
3218;1083;108;5
3217;1075;107;20
3217;1074;107;20
3217;1111;111;79
3217;1072;107;23
3217;1073;107;11
3217;1071;107;7
3217;1076;107;19
3216;1122;112;6
3216;1222;122;35
3216;1121;112;5
3216;1124;112;13
3216;1125;112;10
3216;1126;112;12
3216;1123;112;9
3215;1046;104;132
3215;1045;104;18
3215;1041;104;25
3215;1042;104;24
3215;1043;104;28
3215;1044;104;23
3214;1114;111;80
3214;1201;120;12
3214;1206;120;17
3214;1203;120;18
3214;1202;120;14
3214;1204;120;18
3214;1205;120;16
3213;1243;124;13
3213;1242;124;22
3213;1195;119;83
3213;1246;124;19
3213;1245;124;14
3213;1244;124;17
3213;1241;124;16
3212;1045;104;18
3212;1153;115;98
3212;1042;104;11
3212;1044;104;17
3212;1046;104;11
3212;1043;104;18
3212;1041;104;14
3211;1203;120;15
3211;1055;105;74
3211;1206;120;8
3211;1204;120;13
3211;1202;120;12
3211;1205;120;7
3211;1201;120;8
3210;1126;112;22
3210;1182;118;92
3210;1124;112;26
3210;1123;112;31
3210;1125;112;24
3210;1121;112;33
3210;1122;112;25
3209;1243;124;58
3209;1051;105;11
3209;1052;105;16
3209;1053;105;21
3209;1055;105;14
3209;1056;105;11
3209;1054;105;14
3208;1072;107;98
3208;1236;123;15
3208;1235;123;22
3208;1234;123;10
3208;1231;123;20
3208;1232;123;13
3208;1233;123;10
3207;1093;109;25
3207;1144;114;113
3207;1094;109;15
3207;1092;109;31
3207;1091;109;26
3207;1095;109;24
3207;1096;109;22
3206;1066;106;21
3206;1061;106;22
3206;1062;106;23
3206;1105;110;121
3206;1064;106;20
3206;1063;106;20
3206;1065;106;16
3205;1134;113;11
3205;1144;114;52
3205;1132;113;13
3205;1131;113;16
3205;1135;113;11
3205;1133;113;9
3205;1136;113;17
3204;1121;112;14
3204;1004;100;58
3204;1125;112;17
3204;1122;112;17
3204;1123;112;11
3204;1124;112;12
3204;1126;112;10
3203;1043;104;71
3203;1135;113;18
3203;1131;113;21
3203;1132;113;15
3203;1134;113;16
3203;1133;113;14
3203;1136;113;6
3202;1002;100;29
3202;1033;103;118
3202;1006;100;20
3202;1003;100;22
3202;1004;100;28
3202;1005;100;20
3202;1001;100;29
3201;1206;120;23
3201;1093;109;86
3201;1201;120;24
3201;1202;120;22
3201;1203;120;20
3201;1204;120;14
3201;1205;120;14
3200;1115;111;19
3200;1111;111;35
3200;1112;111;137
3200;1113;111;24
3200;1116;111;27
3200;1114;111;25
3199;1161;116;110
3199;1135;113;12
3199;1132;113;16
3199;1131;113;17
3199;1136;113;12
3199;1133;113;14
3199;1134;113;13
3198;1176;117;17
3198;1174;117;21
3198;1005;100;94
3198;1172;117;16
3198;1175;117;15
3198;1171;117;13
3198;1173;117;16
3197;1184;118;100
3197;1132;113;16
3197;1134;113;21
3197;1133;113;30
3197;1131;113;16
3197;1136;113;18
3197;1135;113;25
3196;1003;100;11
3196;1064;106;46
3196;1006;100;17
3196;1002;100;10
3196;1004;100;15
3196;1001;100;8
3196;1005;100;7
3195;1085;108;88
3195;1155;115;16
3195;1151;115;21
3195;1153;115;22
3195;1154;115;17
3195;1152;115;23
3195;1156;115;13
3194;1006;100;135
3194;1124;112;40
3194;1122;112;26
3194;1126;112;41
3194;1123;112;32
3194;1121;112;25
3194;1125;112;22
3193;1092;109;60
3193;1086;108;7
3193;1084;108;9
3193;1085;108;8
3193;1081;108;9
3193;1083;108;3
3193;1082;108;8
3192;1194;119;102
3192;1013;101;24
3192;1012;101;25
3192;1011;101;22
3192;1016;101;20
3192;1014;101;21
3192;1015;101;16
3191;1076;107;15
3191;1173;117;96
3191;1073;107;14
3191;1072;107;13
3191;1075;107;14
3191;1074;107;14
3191;1071;107;19
3190;1116;111;21
3190;1112;111;16
3190;1113;111;18
3190;1105;110;62
3190;1115;111;11
3190;1114;111;14
3190;1111;111;17
3189;1223;122;41
3189;1051;105;5
3189;1052;105;7
3189;1055;105;5
3189;1054;105;5
3189;1056;105;6
3189;1053;105;4
3188;1164;116;97
3188;1062;106;21
3188;1066;106;20
3188;1065;106;21
3188;1063;106;24
3188;1061;106;18
3188;1064;106;15
3187;1223;122;91
3187;1062;106;22
3187;1064;106;17
3187;1065;106;17
3187;1061;106;13
3187;1066;106;13
3187;1063;106;18
3186;1051;105;10
3186;1245;124;59
3186;1054;105;11
3186;1055;105;8
3186;1056;105;10
3186;1052;105;14
3186;1053;105;6
3185;1231;123;40
3185;1024;102;8
3185;1021;102;6
3185;1026;102;7
3185;1023;102;10
3185;1025;102;11
3185;1022;102;6
3184;1203;120;99
3184;1083;108;14
3184;1084;108;17
3184;1085;108;19
3184;1086;108;14
3184;1082;108;7
3184;1081;108;19
3183;1086;108;129
3183;1161;116;27
3183;1163;116;36
3183;1162;116;27
3183;1165;116;32
3183;1166;116;33
3183;1164;116;16
3182;1165;116;48
3182;1211;121;11
3182;1214;121;7
3182;1216;121;17
3182;1212;121;10
3182;1215;121;5
3182;1213;121;8
3181;1095;109;7
3181;1096;109;6
3181;1092;109;7
3181;1003;100;32
3181;1091;109;3
3181;1094;109;5
3181;1093;109;2
3180;1226;122;81
3180;1106;110;17
3180;1101;110;6
3180;1104;110;10
3180;1102;110;12
3180;1103;110;15
3180;1105;110;12
3179;1126;112;61
3179;1174;117;10
3179;1176;117;13
3179;1175;117;11
3179;1172;117;6
3179;1173;117;6
3179;1171;117;12
3178;1022;102;40
3178;1073;107;6
3178;1075;107;5
3178;1071;107;5
3178;1072;107;7
3178;1076;107;4
3178;1074;107;3
3177;1033;103;83
3177;1014;101;11
3177;1012;101;18
3177;1016;101;16
3177;1015;101;20
3177;1013;101;20
3177;1011;101;20
3176;1075;107;12
3176;1076;107;8
3176;1073;107;13
3176;1132;113;49
3176;1074;107;7
3176;1071;107;7
3176;1072;107;9
3175;1121;112;87
3175;1126;112;13
3175;1125;112;14
3175;1123;112;6
3175;1124;112;12
3175;1122;112;7
3174;1074;107;12
3174;1181;118;96
3174;1072;107;16
3174;1071;107;18
3174;1073;107;17
3174;1075;107;16
3174;1076;107;14
3173;1205;120;102
3173;1192;119;10
3173;1194;119;23
3173;1193;119;19
3173;1195;119;12
3173;1191;119;14
3173;1196;119;18
3172;1151;115;78
3172;1083;108;9
3172;1086;108;17
3172;1084;108;22
3172;1085;108;24
3172;1082;108;19
3172;1081;108;17
3171;1212;121;14
3171;1084;108;99
3171;1214;121;17
3171;1215;121;14
3171;1211;121;18
3171;1213;121;20
3171;1216;121;10
3170;1084;108;9
3170;1085;108;4
3170;1063;106;59
3170;1082;108;10
3170;1083;108;8
3170;1081;108;9
3170;1086;108;8
3169;1234;123;8
3169;1243;124;80
3169;1235;123;17
3169;1233;123;15
3169;1236;123;23
3169;1231;123;16
3169;1232;123;13
3168;1232;123;19
3168;1012;101;115
3168;1231;123;18
3168;1236;123;17
3168;1235;123;16
3168;1234;123;23
3168;1233;123;14
3167;1144;114;16
3167;1185;118;82
3167;1145;114;12
3167;1141;114;12
3167;1143;114;13
3167;1146;114;11
3167;1142;114;7
3166;1082;108;31
3166;1135;113;109
3166;1085;108;23
3166;1084;108;29
3166;1086;108;21
3166;1083;108;25
3166;1081;108;30
3165;1104;110;18
3165;1102;110;69
3165;1103;110;17
3165;1105;110;12
3165;1101;110;11
3165;1106;110;14
3164;1093;109;32
3164;1156;115;12
3164;1152;115;5
3164;1154;115;8
3164;1155;115;7
3164;1151;115;5
3164;1153;115;6
3163;1174;117;11
3163;1171;117;10
3163;1173;117;19
3163;1172;117;16
3163;1176;117;17
3163;1165;116;61
3163;1175;117;9
3162;1006;100;9
3162;1242;124;47
3162;1004;100;17
3162;1005;100;14
3162;1003;100;13
3162;1002;100;6
3162;1001;100;10
3161;1062;106;87
3161;1073;107;29
3161;1072;107;23
3161;1074;107;24
3161;1071;107;32
3161;1076;107;28
3161;1075;107;31
3160;1141;114;21
3160;1142;114;32
3160;1143;114;22
3160;1144;114;29
3160;1116;111;121
3160;1146;114;16
3160;1145;114;24
3159;1093;109;76
3159;1001;100;12
3159;1002;100;16
3159;1004;100;6
3159;1006;100;20
3159;1003;100;12
3159;1005;100;5
3158;1064;106;14
3158;1063;106;12
3158;1171;117;54
3158;1066;106;8
3158;1061;106;8
3158;1062;106;10
3158;1065;106;17
3157;1042;104;22
3157;1041;104;30
3157;1045;104;29
3157;1166;116;91
3157;1043;104;27
3157;1046;104;21
3157;1044;104;20
3156;1211;121;4
3156;1214;121;7
3156;1123;112;38
3156;1215;121;8
3156;1213;121;17
3156;1216;121;3
3156;1212;121;8
3155;1184;118;5
3155;1244;124;28
3155;1186;118;5
3155;1183;118;4
3155;1182;118;3
3155;1181;118;3
3155;1185;118;2
3154;1245;124;89
3154;1203;120;18
3154;1202;120;15
3154;1206;120;12
3154;1201;120;23
3154;1204;120;27
3154;1205;120;19
3153;1006;100;7
3153;1005;100;7
3153;1003;100;7
3153;1001;100;5
3153;1146;114;23
3153;1004;100;4
3153;1002;100;6
3152;1104;110;20
3152;1164;116;108
3152;1103;110;18
3152;1102;110;21
3152;1106;110;25
3152;1101;110;20
3152;1105;110;23
3151;1061;106;16
3151;1064;106;19
3151;1063;106;13
3151;1066;106;11
3151;1041;104;48
3151;1065;106;15
3151;1062;106;9
3150;1145;114;69
3150;1246;124;17
3150;1242;124;15
3150;1244;124;15
3150;1243;124;15
3150;1241;124;16
3150;1245;124;13
3149;1122;112;26
3149;1223;122;104
3149;1125;112;21
3149;1123;112;25
3149;1126;112;21
3149;1121;112;24
3149;1124;112;21
3148;1153;115;30
3148;1143;114;6
3148;1145;114;4
3148;1146;114;7
3148;1141;114;3
3148;1142;114;3
3148;1144;114;5
3147;1105;110;10
3147;1102;110;9
3147;1106;110;7
3147;1085;108;61
3147;1101;110;10
3147;1103;110;8
3147;1104;110;6
3146;1065;106;23
3146;1064;106;33
3146;1062;106;21
3146;1091;109;121
3146;1066;106;18
3146;1063;106;22
3146;1061;106;30
3145;1161;116;15
3145;1053;105;73
3145;1165;116;17
3145;1163;116;20
3145;1164;116;16
3145;1162;116;9
3145;1166;116;16
3144;1173;117;59
3144;1231;123;8
3144;1233;123;10
3144;1235;123;9
3144;1232;123;10
3144;1234;123;8
3144;1236;123;6
3143;1051;105;51
3143;1101;110;7
3143;1102;110;13
3143;1104;110;10
3143;1105;110;11
3143;1103;110;6
3143;1106;110;11
3142;1046;104;16
3142;1151;115;96
3142;1041;104;12
3142;1042;104;20
3142;1043;104;16
3142;1045;104;15
3142;1044;104;21
3141;1036;103;28
3141;1186;118;10
3141;1181;118;13
3141;1185;118;6
3141;1182;118;7
3141;1183;118;5
3141;1184;118;4
3140;1011;101;32
3140;1014;101;27
3140;1015;101;29
3140;1226;122;108
3140;1016;101;39
3140;1012;101;31
3140;1013;101;23
3139;1164;116;25
3139;1092;109;84
3139;1166;116;20
3139;1163;116;18
3139;1161;116;11
3139;1162;116;9
3139;1165;116;17
3138;1076;107;65
3138;1213;121;15
3138;1212;121;13
3138;1215;121;17
3138;1211;121;16
3138;1216;121;8
3138;1214;121;10
3137;1165;116;12
3137;1161;116;17
3137;1164;116;14
3137;1133;113;77
3137;1162;116;21
3137;1163;116;14
3137;1166;116;20
3136;1182;118;57
3136;1102;110;22
3136;1101;110;16
3136;1106;110;13
3136;1104;110;13
3136;1103;110;16
3136;1105;110;12
3135;1052;105;4
3135;1051;105;11
3135;1191;119;32
3135;1054;105;10
3135;1055;105;5
3135;1053;105;7
3135;1056;105;9
3134;1145;114;25
3134;1161;116;70
3134;1141;114;19
3134;1142;114;26
3134;1144;114;21
3134;1143;114;19
3134;1146;114;20
3133;1046;104;15
3133;1042;104;12
3133;1126;112;41
3133;1041;104;12
3133;1043;104;10
3133;1044;104;10
3133;1045;104;8
3132;1034;103;83
3132;1102;110;11
3132;1106;110;12
3132;1105;110;8
3132;1101;110;13
3132;1104;110;9
3132;1103;110;16
3131;1154;115;97
3131;1091;109;12
3131;1094;109;7
3131;1093;109;15
3131;1095;109;12
3131;1096;109;12
3131;1092;109;9
3130;1052;105;62
3130;1216;121;10
3130;1215;121;14
3130;1212;121;11
3130;1213;121;8
3130;1214;121;7
3130;1211;121;9
3129;1135;113;22
3129;1134;113;19
3129;1136;113;18
3129;1083;108;71
3129;1131;113;16
3129;1133;113;20
3129;1132;113;21
3128;1112;111;20
3128;1002;100;96
3128;1113;111;21
3128;1115;111;23
3128;1114;111;19
3128;1111;111;12
3128;1116;111;18
3127;1242;124;71
3127;1143;114;25
3127;1144;114;11
3127;1146;114;19
3127;1145;114;15
3127;1141;114;13
3127;1142;114;17
3126;1195;119;18
3126;1025;102;100
3126;1196;119;21
3126;1194;119;24
3126;1192;119;19
3126;1191;119;20
3126;1193;119;15
3125;1105;110;78
3125;1136;113;25
3125;1134;113;22
3125;1133;113;19
3125;1131;113;14
3125;1132;113;12
3125;1135;113;25
3124;1184;118;57
3124;1191;119;10
3124;1195;119;16
3124;1196;119;10
3124;1192;119;11
3124;1193;119;9
3124;1194;119;13
3123;1211;121;32
3123;1213;121;19
3123;1214;121;32
3123;1216;121;33
3123;1005;100;98
3123;1212;121;20
3123;1215;121;27
3122;1095;109;80
3122;1092;109;16
3122;1093;109;17
3122;1096;109;12
3122;1094;109;8
3122;1091;109;16
3121;1243;124;5
3121;1245;124;4
3121;1241;124;4
3121;1246;124;3
3121;1165;116;26
3121;1242;124;1
3121;1244;124;5
3120;1216;121;65
3120;1025;102;10
3120;1022;102;17
3120;1023;102;18
3120;1024;102;13
3120;1026;102;16
3120;1021;102;12
3119;1001;100;105
3119;1166;116;24
3119;1161;116;18
3119;1164;116;19
3119;1162;116;14
3119;1163;116;20
3119;1165;116;20
3118;1013;101;114
3118;1111;111;21
3118;1114;111;31
3118;1115;111;16
3118;1112;111;20
3118;1116;111;17
3118;1113;111;18
3117;1073;107;21
3117;1074;107;19
3117;1071;107;15
3117;1226;122;61
3117;1075;107;13
3117;1076;107;17
3117;1072;107;11
3116;1031;103;7
3116;1183;118;33
3116;1034;103;7
3116;1033;103;10
3116;1032;103;1
3116;1035;103;2
3115;1234;123;8
3115;1133;113;36
3115;1236;123;6
3115;1233;123;9
3115;1231;123;8
3115;1235;123;6
3115;1232;123;8
3114;1231;123;9
3114;1236;123;7
3114;1233;123;11
3114;1235;123;10
3114;1035;103;95
3114;1234;123;19
3114;1232;123;16
3113;1105;110;7
3113;1103;110;4
3113;1026;102;29
3113;1102;110;7
3113;1104;110;6
3113;1106;110;3
3113;1101;110;5
3112;1123;112;27
3112;1156;115;6
3112;1153;115;5
3112;1154;115;7
3112;1152;115;7
3112;1151;115;11
3112;1155;115;5
3111;1031;103;108
3111;1191;119;26
3111;1195;119;21
3111;1192;119;14
3111;1194;119;11
3111;1193;119;12
3111;1196;119;13
3110;1126;112;38
3110;1236;123;10
3110;1232;123;4
3110;1233;123;5
3110;1235;123;3
3110;1231;123;4
3110;1234;123;3
3109;1011;101;44
3109;1212;121;16
3109;1216;121;19
3109;1211;121;9
3109;1214;121;12
3109;1215;121;15
3109;1213;121;11
3108;1136;113;21
3108;1135;113;20
3108;1056;105;104
3108;1132;113;22
3108;1133;113;19
3108;1134;113;19
3108;1131;113;29
3107;1011;101;8
3107;1015;101;87
3107;1012;101;12
3107;1014;101;14
3107;1013;101;7
3107;1016;101;15
3106;1094;109;91
3106;1005;100;24
3106;1001;100;22
3106;1003;100;21
3106;1002;100;23
3106;1006;100;17
3106;1004;100;14
3105;1223;122;100
3105;1063;106;16
3105;1065;106;16
3105;1061;106;12
3105;1064;106;18
3105;1066;106;14
3105;1062;106;20
3104;1181;118;25
3104;1164;116;94
3104;1182;118;25
3104;1186;118;30
3104;1183;118;26
3104;1184;118;27
3104;1185;118;22
3103;1132;113;68
3103;1023;102;20
3103;1024;102;14
3103;1026;102;15
3103;1025;102;13
3103;1021;102;12
3103;1022;102;11
3102;1051;105;13
3102;1172;117;82
3102;1053;105;14
3102;1056;105;10
3102;1055;105;7
3102;1052;105;7
3102;1054;105;9
3101;1065;106;13
3101;1036;103;36
3101;1063;106;10
3101;1062;106;6
3101;1064;106;6
3101;1066;106;6
3101;1061;106;3
3100;1192;119;64
3100;1043;104;16
3100;1041;104;10
3100;1045;104;11
3100;1046;104;15
3100;1042;104;9
3100;1044;104;10
3099;1093;109;18
3099;1095;109;14
3099;1091;109;8
3099;1156;115;86
3099;1096;109;21
3099;1092;109;9
3099;1094;109;17
3098;1185;118;20
3098;1155;115;97
3098;1186;118;18
3098;1184;118;17
3098;1181;118;17
3098;1183;118;17
3098;1182;118;21
3097;1186;118;22
3097;1184;118;20
3097;1183;118;27
3097;1074;107;92
3097;1181;118;22
3097;1182;118;19
3097;1185;118;17
3096;1145;114;5
3096;1144;114;5
3096;1146;114;7
3096;1141;114;4
3096;1173;117;20
3096;1143;114;11
3096;1142;114;5
3095;1104;110;135
3095;1021;102;23
3095;1025;102;24
3095;1024;102;27
3095;1022;102;25
3095;1023;102;24
3095;1026;102;24
3094;1181;118;16
3094;1183;118;25
3094;1166;116;111
3094;1182;118;24
3094;1184;118;18
3094;1185;118;16
3094;1186;118;18
3093;1121;112;26
3093;1156;115;102
3093;1123;112;19
3093;1124;112;18
3093;1126;112;19
3093;1122;112;17
3093;1125;112;24
3092;1033;103;61
3092;1241;124;8
3092;1246;124;9
3092;1245;124;14
3092;1243;124;11
3092;1244;124;13
3092;1242;124;8
3091;1206;120;75
3091;1081;108;23
3091;1085;108;19
3091;1083;108;25
3091;1084;108;24
3091;1082;108;28
3091;1086;108;26
3090;1021;102;24
3090;1185;118;4
3090;1183;118;6
3090;1186;118;5
3090;1181;118;4
3090;1182;118;4
3090;1184;118;3
3089;1212;121;24
3089;1211;121;22
3089;1181;118;89
3089;1215;121;30
3089;1213;121;16
3089;1216;121;19
3089;1214;121;12
3088;1233;123;20
3088;1236;123;23
3088;1155;115;101
3088;1234;123;21
3088;1235;123;16
3088;1232;123;26
3088;1231;123;16
3087;1236;123;25
3087;1234;123;30
3087;1196;119;92
3087;1235;123;28
3087;1233;123;37
3087;1232;123;17
3087;1231;123;24
3086;1103;110;25
3086;1101;110;20
3086;1166;116;115
3086;1102;110;27
3086;1106;110;21
3086;1104;110;22
3086;1105;110;19
3085;1144;114;17
3085;1171;117;76
3085;1142;114;8
3085;1141;114;16
3085;1143;114;16
3085;1145;114;15
3085;1146;114;11
3084;1221;122;46
3084;1223;122;10
3084;1224;122;12
3084;1226;122;10
3084;1225;122;7
3084;1222;122;7
3083;1126;112;6
3083;1116;111;67
3083;1121;112;10
3083;1124;112;12
3083;1123;112;9
3083;1125;112;14
3083;1122;112;8
3082;1062;106;9
3082;1136;113;40
3082;1061;106;13
3082;1063;106;9
3082;1066;106;13
3082;1065;106;15
3082;1064;106;11
3081;1036;103;40
3081;1225;122;9
3081;1224;122;11
3081;1223;122;6
3081;1222;122;9
3081;1221;122;6
3081;1226;122;7
3080;1152;115;90
3080;1165;116;14
3080;1161;116;19
3080;1164;116;14
3080;1163;116;16
3080;1166;116;20
3080;1162;116;13
3079;1156;115;70
3079;1225;122;15
3079;1221;122;19
3079;1226;122;15
3079;1222;122;18
3079;1223;122;10
3079;1224;122;11
3078;1242;124;13
3078;1241;124;14
3078;1243;124;15
3078;1162;116;93
3078;1245;124;21
3078;1246;124;18
3078;1244;124;13
3077;1176;117;30
3077;1172;117;26
3077;1173;117;143
3077;1174;117;24
3077;1171;117;20
3077;1175;117;16
3076;1246;124;17
3076;1243;124;17
3076;1042;104;113
3076;1244;124;15
3076;1241;124;15
3076;1242;124;10
3076;1245;124;14
3075;1216;121;65
3075;1006;100;9
3075;1002;100;14
3075;1005;100;14
3075;1001;100;9
3075;1004;100;8
3075;1003;100;15
3074;1183;118;16
3074;1046;104;75
3074;1185;118;17
3074;1181;118;20
3074;1182;118;14
3074;1184;118;20
3074;1186;118;11
3073;1186;118;15
3073;1191;119;106
3073;1181;118;14
3073;1183;118;21
3073;1182;118;16
3073;1184;118;18
3073;1185;118;12
3072;1015;101;27
3072;1011;101;27
3072;1032;103;134
3072;1013;101;26
3072;1016;101;22
3072;1012;101;23
3072;1014;101;26
3071;1084;108;19
3071;1113;111;53
3071;1085;108;14
3071;1083;108;10
3071;1086;108;14
3071;1081;108;11
3071;1082;108;16
3070;1076;107;112
3070;1183;118;15
3070;1186;118;14
3070;1181;118;11
3070;1182;118;18
3070;1185;118;9
3070;1184;118;21
3069;1146;114;9
3069;1005;100;28
3069;1142;114;4
3069;1143;114;5
3069;1141;114;8
3069;1145;114;6
3069;1144;114;3
3068;1216;121;95
3068;1093;109;20
3068;1095;109;16
3068;1091;109;22
3068;1092;109;18
3068;1094;109;14
3068;1096;109;20
3067;1182;118;5
3067;1186;118;13
3067;1184;118;10
3067;1216;121;46
3067;1183;118;8
3067;1181;118;11
3067;1185;118;9
3066;1216;121;12
3066;1212;121;14
3066;1214;121;84
3066;1215;121;16
3066;1213;121;10
3066;1211;121;9
3065;1103;110;61
3065;1244;124;9
3065;1242;124;5
3065;1245;124;14
3065;1246;124;10
3065;1243;124;15
3065;1241;124;6
3064;1083;108;6
3064;1084;108;8
3064;1186;118;41
3064;1086;108;4
3064;1082;108;13
3064;1085;108;4
3064;1081;108;4
3063;1046;104;21
3063;1044;104;13
3063;1033;103;79
3063;1041;104;26
3063;1042;104;16
3063;1045;104;21
3063;1043;104;20
3062;1072;107;7
3062;1075;107;7
3062;1152;115;43
3062;1073;107;2
3062;1074;107;8
3062;1071;107;4
3062;1076;107;7
3061;1143;114;76
3061;1153;115;11
3061;1151;115;11
3061;1154;115;11
3061;1156;115;12
3061;1152;115;12
3061;1155;115;15
3060;1153;115;14
3060;1243;124;73
3060;1152;115;18
3060;1156;115;17
3060;1154;115;14
3060;1151;115;11
3060;1155;115;10
3059;1181;118;55
3059;1046;104;5
3059;1044;104;6
3059;1041;104;5
3059;1045;104;13
3059;1043;104;4
3059;1042;104;11
3058;1043;104;92
3058;1001;100;26
3058;1003;100;28
3058;1006;100;23
3058;1005;100;22
3058;1004;100;24
3058;1002;100;14
3057;1232;123;105
3057;1053;105;18
3057;1055;105;24
3057;1051;105;19
3057;1052;105;24
3057;1056;105;21
3057;1054;105;21
3056;1156;115;64
3056;1074;107;9
3056;1073;107;17
3056;1076;107;10
3056;1072;107;12
3056;1071;107;6
3056;1075;107;1
3055;1205;120;64
3055;1204;120;22
3055;1203;120;16
3055;1206;120;15
3055;1202;120;12
3055;1201;120;10
3054;1201;120;46
3054;1194;119;4
3054;1196;119;8
3054;1192;119;3
3054;1191;119;10
3054;1193;119;6
3054;1195;119;4
3053;1015;101;29
3053;1103;110;91
3053;1011;101;19
3053;1016;101;25
3053;1014;101;28
3053;1012;101;18
3053;1013;101;20
3052;1235;123;17
3052;1192;119;66
3052;1234;123;12
3052;1232;123;14
3052;1236;123;12
3052;1231;123;18
3052;1233;123;18
3051;1056;105;119
3051;1013;101;18
3051;1014;101;16
3051;1011;101;19
3051;1015;101;24
3051;1016;101;21
3051;1012;101;20
3050;1003;100;144
3050;1152;115;22
3050;1155;115;16
3050;1153;115;17
3050;1154;115;20
3050;1156;115;18
3050;1151;115;16
3049;1091;109;17
3049;1094;109;15
3049;1096;109;16
3049;1093;109;15
3049;1112;111;51
3049;1092;109;13
3049;1095;109;13
3048;1125;112;82
3048;1216;121;15
3048;1215;121;15
3048;1213;121;16
3048;1211;121;13
3048;1212;121;13
3048;1214;121;16
3047;1246;124;13
3047;1081;108;85
3047;1245;124;15
3047;1243;124;14
3047;1242;124;23
3047;1244;124;11
3047;1241;124;15
3046;1116;111;95
3046;1243;124;18
3046;1242;124;9
3046;1244;124;15
3046;1241;124;20
3046;1245;124;10
3046;1246;124;5
3045;1153;115;78
3045;1061;106;35
3045;1066;106;17
3045;1064;106;32
3045;1062;106;25
3045;1065;106;26
3045;1063;106;12
3044;1004;100;83
3044;1025;102;12
3044;1023;102;11
3044;1026;102;14
3044;1024;102;10
3044;1021;102;13
3044;1022;102;9
3043;1111;111;118
3043;1045;104;39
3043;1043;104;25
3043;1046;104;26
3043;1044;104;31
3043;1041;104;33
3043;1042;104;20
3042;1003;100;5
3042;1001;100;11
3042;1002;100;13
3042;1166;116;38
3042;1006;100;8
3042;1005;100;10
3042;1004;100;8
3041;1026;102;7
3041;1022;102;9
3041;1025;102;8
3041;1061;106;30
3041;1023;102;11
3041;1021;102;15
3041;1024;102;7
3040;1153;115;9
3040;1152;115;8
3040;1244;124;50
3040;1155;115;9
3040;1151;115;14
3040;1156;115;11
3040;1154;115;8
3039;1102;110;74
3039;1203;120;25
3039;1202;120;14
3039;1201;120;16
3039;1205;120;18
3039;1204;120;21
3039;1206;120;12
3038;1032;103;17
3038;1034;103;17
3038;1031;103;12
3038;1196;119;91
3038;1036;103;30
3038;1033;103;14
3038;1035;103;17
3037;1085;108;15
3037;1081;108;12
3037;1145;114;107
3037;1083;108;22
3037;1082;108;20
3037;1086;108;15
3037;1084;108;18
3036;1211;121;56
3036;1214;121;6
3036;1213;121;8
3036;1212;121;7
3036;1215;121;11
3036;1216;121;3
3035;1201;120;14
3035;1206;120;11
3035;1204;120;6
3035;1023;102;35
3035;1203;120;8
3035;1202;120;7
3035;1205;120;6
3034;1136;113;9
3034;1114;111;22
3034;1135;113;4
3034;1134;113;6
3034;1133;113;3
3034;1131;113;6
3034;1132;113;1
3033;1222;122;62
3033;1164;116;20
3033;1166;116;10
3033;1165;116;17
3033;1161;116;18
3033;1163;116;18
3033;1162;116;12
3032;1113;111;30
3032;1012;101;101
3032;1115;111;21
3032;1116;111;24
3032;1114;111;12
3032;1112;111;20
3032;1111;111;13
3031;1035;103;82
3031;1242;124;20
3031;1241;124;11
3031;1245;124;14
3031;1243;124;24
3031;1244;124;13
3031;1246;124;14
3030;1182;118;17
3030;1235;123;90
3030;1181;118;14
3030;1183;118;14
3030;1185;118;11
3030;1184;118;15
3030;1186;118;14
3029;1244;124;27
3029;1241;124;23
3029;1242;124;18
3029;1212;121;86
3029;1243;124;26
3029;1246;124;22
3029;1245;124;23
3028;1026;102;18
3028;1206;120;72
3028;1022;102;28
3028;1023;102;15
3028;1025;102;24
3028;1024;102;9
3028;1021;102;13
3027;1105;110;48
3027;1175;117;7
3027;1176;117;6
3027;1174;117;9
3027;1172;117;8
3027;1171;117;6
3027;1173;117;6
3026;1233;123;54
3026;1021;102;12
3026;1022;102;10
3026;1024;102;12
3026;1025;102;19
3026;1026;102;18
3026;1023;102;16
3025;1225;122;80
3025;1186;118;12
3025;1181;118;16
3025;1185;118;10
3025;1184;118;10
3025;1182;118;11
3025;1183;118;11
3024;1091;109;15
3024;1172;117;71
3024;1094;109;11
3024;1095;109;11
3024;1096;109;14
3024;1093;109;12
3024;1092;109;10
3023;1092;109;39
3023;1196;119;4
3023;1194;119;9
3023;1191;119;11
3023;1193;119;2
3023;1192;119;8
3023;1195;119;7
3022;1226;122;37
3022;1243;124;6
3022;1244;124;5
3022;1241;124;5
3022;1245;124;5
3022;1246;124;6
3022;1242;124;9
3021;1224;122;121
3021;1162;116;20
3021;1166;116;15
3021;1163;116;10
3021;1161;116;13
3021;1165;116;17
3021;1164;116;10
3020;1094;109;9
3020;1073;107;31
3020;1093;109;11
3020;1092;109;10
3020;1095;109;6
3020;1096;109;3
3020;1091;109;5
3019;1161;116;15
3019;1162;116;9
3019;1163;116;19
3019;1196;119;75
3019;1166;116;8
3019;1164;116;14
3019;1165;116;12
3018;1205;120;40
3018;1145;114;7
3018;1146;114;11
3018;1143;114;17
3018;1142;114;11
3018;1141;114;8
3018;1144;114;7
3017;1194;119;7
3017;1223;122;59
3017;1191;119;21
3017;1196;119;9
3017;1193;119;11
3017;1195;119;15
3017;1192;119;8
3016;1014;101;50
3016;1004;100;10
3016;1003;100;7
3016;1002;100;13
3016;1006;100;13
3016;1005;100;9
3016;1001;100;10
3015;1211;121;9
3015;1215;121;7
3015;1013;101;33
3015;1212;121;7
3015;1213;121;9
3015;1214;121;2
3015;1216;121;7
3014;1205;120;7
3014;1203;120;10
3014;1206;120;12
3014;1241;124;33
3014;1201;120;4
3014;1204;120;3
3014;1202;120;7
3013;1064;106;10
3013;1046;104;54
3013;1066;106;11
3013;1063;106;17
3013;1061;106;14
3013;1065;106;14
3013;1062;106;10
3012;1102;110;19
3012;1164;116;81
3012;1103;110;15
3012;1104;110;11
3012;1105;110;13
3012;1106;110;9
3012;1101;110;12
3011;1202;120;36
3011;1161;116;111
3011;1204;120;22
3011;1201;120;36
3011;1203;120;24
3011;1206;120;21
3011;1205;120;21
3010;1191;119;22
3010;1166;116;106
3010;1196;119;10
3010;1192;119;24
3010;1195;119;27
3010;1193;119;24
3010;1194;119;26
3009;1051;105;35
3009;1156;115;11
3009;1151;115;4
3009;1155;115;8
3009;1152;115;7
3009;1154;115;6
3009;1153;115;10
3008;1032;103;47
3008;1146;114;6
3008;1144;114;10
3008;1142;114;12
3008;1141;114;12
3008;1143;114;2
3008;1145;114;10
3007;1062;106;14
3007;1063;106;19
3007;1114;111;62
3007;1064;106;13
3007;1061;106;9
3007;1066;106;9
3007;1065;106;17
3006;1142;114;12
3006;1015;101;108
3006;1144;114;16
3006;1143;114;19
3006;1146;114;20
3006;1145;114;17
3006;1141;114;25
3005;1094;109;8
3005;1095;109;10
3005;1092;109;19
3005;1091;109;12
3005;1096;109;14
3005;1111;111;52
3005;1093;109;13
3004;1173;117;87
3004;1022;102;26
3004;1021;102;20
3004;1025;102;31
3004;1026;102;18
3004;1024;102;47
3004;1023;102;22
3003;1062;106;38
3003;1164;116;124
3003;1065;106;33
3003;1063;106;35
3003;1064;106;29
3003;1066;106;35
3003;1061;106;21
3002;1162;116;33
3002;1123;112;13
3002;1126;112;8
3002;1122;112;6
3002;1121;112;8
3002;1124;112;9
3002;1125;112;5
3001;1111;111;102
3001;1174;117;23
3001;1173;117;23
3001;1175;117;25
3001;1172;117;18
3001;1171;117;19
3001;1176;117;17
3000;1044;104;104
3000;1104;110;2
3000;1223;122;4
3000;1154;115;20
3000;1152;115;29
3000;1151;115;24
3000;1143;114;1
3000;1155;115;20
3000;1032;103;2
3000;1222;122;2
3000;1215;121;1
3000;1136;113;5
3000;1156;115;21
3000;1213;121;3
3000;1043;104;4
3000;1066;106;3
3000;1183;118;1
3000;1045;104;1
3000;1236;123;3
3000;1122;112;2
3000;1234;123;1
3000;1042;104;3
3000;1094;109;2
3000;1013;101;2
3000;1134;113;1
3000;1153;115;27
3000;1225;122;1
3000;1081;108;3
3000;1065;106;2
3000;1161;116;2
3000;1051;105;3
3000;1201;120;1
3000;1006;100;1
3000;1243;124;2
3000;1085;108;2
3000;1083;108;2
3000;1164;116;2
3000;1135;113;1
3000;1055;105;1
3000;1244;124;2
3000;1146;114;3
3000;1226;122;2
3000;1246;124;1
3000;1184;118;2
3000;1194;119;2
3000;1235;123;3
3000;1021;102;1
3000;1001;100;1
3000;1064;106;2
3000;1242;124;2
3000;1185;118;2
3000;1103;110;1
3000;1116;111;2
3000;1241;124;2
3000;1214;121;4
3000;1212;121;1
3000;1113;111;2
3000;1165;116;4
3000;1063;106;2
3000;1162;116;1
3000;1175;117;1
3000;1186;118;2
3000;1173;117;2
3000;1176;117;1
3000;1092;109;1
3000;1025;102;3
3000;1056;105;1
3000;1022;102;1
3000;1245;124;1
3000;1231;123;2
3000;1005;100;1
3000;1145;114;1
3000;1046;104;1
3000;1062;106;1
3000;1014;101;1
3000;1036;103;1
3000;1206;120;2
3000;1121;112;1
3000;1082;108;1
3000;1096;109;2
3000;1196;119;1
3000;1111;111;1
3000;1016;101;1
3000;1011;101;1
3000;1084;108;2
3000;1024;102;2
3000;1101;110;1
3000;1193;119;1
3000;1071;107;1
3000;1124;112;1
3000;1076;107;1
3000;1095;109;1
3000;1233;123;2
3000;1003;100;1
3000;1052;105;1
3000;1023;102;1
3000;1142;114;1
3000;1123;112;2
3000;1086;108;1
3000;1131;113;1
3000;1074;107;1
3000;1195;119;1
3000;1205;120;2
3000;1204;120;1
3000;1072;107;1
3000;1073;107;1
3000;1232;123;1
3000;1172;117;1
3000;1106;110;1
3000;1203;120;1
